--TABLA PAIS
INSERT INTO PAIS VALUES ('Ecuador');
INSERT INTO PAIS VALUES ('Colombia');
INSERT INTO PAIS VALUES ('Perú');
INSERT INTO PAIS VALUES ('Mexico');

--TABLA PROVINCIA
INSERT INTO PROVINCIA VALUES ('Manabí','Ecuador');
INSERT INTO PROVINCIA VALUES ('Imbabura','Ecuador');
--TABLA CANTON
INSERT INTO CANTON VALUES('Manta','Manabí');
INSERT INTO CANTON VALUES('Chone','Manabí');
INSERT INTO CANTON VALUES('Portoviejo','Manabí');
--TABLA CANTON
INSERT INTO CANTON VALUES('Otavalo','Imbabura');
INSERT INTO CANTON VALUES('Cotacachi','Imbabura');
INSERT INTO CANTON VALUES('Ibarra','Imbabura');

--TABLA PROVINCIA
INSERT INTO PROVINCIA VALUES ('Antioquia','Colombia');
INSERT INTO PROVINCIA VALUES ('Bolívar','Colombia');
--TABLA CANTON
INSERT INTO CANTON VALUES('Bajo Cauca','Antioquia');
INSERT INTO CANTON VALUES('Magdalena Medio','Antioquia');
--TABLA CANTON
INSERT INTO CANTON VALUES('Loba','Bolívar');
INSERT INTO CANTON VALUES('Dique','Bolívar');
INSERT INTO CANTON VALUES('La Mojana','Bolívar');


--TABLA SELECION PAGO
insert into SELECION_PAGO VALUES('FISICO','SE PAGAR EN PERSONA');
insert into SELECION_PAGO VALUES('DIGITAL','SE PAGAR DE FORMA ONLINE');
--TABLA PAGO
insert into PAGO VALUES('1','FISICO');
insert into PAGO VALUES('2','FISICO');
insert into PAGO VALUES('3','DIGITAL');
insert into PAGO VALUES('4','DIGITAL');
insert into PAGO VALUES('6','FISICO');
insert into PAGO VALUES('7','FISICO');
insert into PAGO VALUES('8','DIGITAL');
insert into PAGO VALUES('9','DIGITAL');
insert into PAGO VALUES('10','FISICO');


--TIPO DE USUARIO
insert into TIPO_USUARIO VALUES('AGENTE','TRABAJADOR DE LA EMPRESAR');
insert into TIPO_USUARIO VALUES('CLIENTE_VIRTUAL','CLIENTE DE FORMA ONLINE');


--CONTRATACION
insert into contratacion values(1,1,'Manta','Otavalo',TO_DATE('10/11/2022','DD-MM-YYYY'),TO_DATE('24/12/2022','DD-MM-YYYY'));
insert into contratacion values(2,2,'Manta','Otavalo',TO_DATE('13/11/2022','DD-MM-YYYY'),TO_DATE('25/12/2022','DD-MM-YYYY'));
insert into contratacion values(3,3,'Chone','Loba',TO_DATE('14/11/2022','DD-MM-YYYY'),TO_DATE('26/12/2022','DD-MM-YYYY'));
insert into contratacion values(4,4,'Dique','Cotacachi',TO_DATE('07/7/2022','DD-MM-YYYY'),TO_DATE('09/08/2022','DD-MM-YYYY'));
insert into contratacion values(5,5,'Ibarra','Portoviejo',TO_DATE('08/07/2022','DD-MM-YYYY'),TO_DATE('08/08/2022','DD-MM-YYYY'));
insert into contratacion values(6,6,'Manta','Otavalo',TO_DATE('10/11/2022','DD-MM-YYYY'),TO_DATE('24/12/2022','DD-MM-YYYY'));
insert into contratacion values(7,7,'Ibarra','Portoviejo',TO_DATE('08/07/2021','DD-MM-YYYY'),TO_DATE('08/07/2021','DD-MM-YYYY'));
insert into contratacion values(8,8,'Ibarra','Portoviejo',TO_DATE('08/07/2021','DD-MM-YYYY'),TO_DATE('08/07/2021','DD-MM-YYYY'));
insert into contratacion values(9,9,'Chone','Loba',TO_DATE('25/11/2020','DD-MM-YYYY'),TO_DATE('20/12/2020','DD-MM-YYYY'));
insert into contratacion values(10,10,'Chone','Loba',TO_DATE('24/11/2020','DD-MM-YYYY'),TO_DATE('20/12/2020','DD-MM-YYYY'));


--Line
insert into line_servicio values (1,'2',1);

--Usuario
insert into usuario values(1,'AGENTE','Samuel','Zamora','0990818410','1951081841',TO_DATE('07/01/2022','DD-MM-YYYY'),'FISICO');
insert into usuario values(2,'AGENTE','Maria','Torres','0990818410','1951081841',TO_DATE('07/05/2022','DD-MM-YYYY'),'FISICO');
insert into usuario values(3,'CLIENTE_VIRTUAL','Estalin','Zambrano','0990818410','1951081841',TO_DATE('06/03/2022','DD-MM-YYYY'),'DIGITAL');
insert into usuario values(4,'AGENTE','SIFO','DWOMR','0990818410','1951081841',TO_DATE('07/01/2022','DD-MM-YYYY'),'FISICO');
insert into usuario values(5,'CLIENTE_VIRTUAL','JACK','DESTRIPADOR','0990818410','1951081841',TO_DATE('07/05/2021','DD-MM-YYYY'),'FISICO');
insert into usuario values(6,'CLIENTE_VIRTUAL','HERCULES','ZEUS','0990818410','1951081841',TO_DATE('06/03/2021','DD-MM-YYYY'),'DIGITAL');


--TIPO REPUTACION
insert into TIPO_REPUTACION VALUES('MALA','MALA ACIONES ');
insert into TIPO_REPUTACION VALUES('BUENA','CLIENTE AMABLE');



--reputacion_usuario
INSERT INTO reputacion_usuario values(1,1,'MALA','MALOS MODALES');
INSERT INTO reputacion_usuario values(2,1,'MALA','CHANTAJE');
INSERT INTO reputacion_usuario values(3,1,'MALA','ACCIDENTE FALSO');
INSERT INTO reputacion_usuario values(4,2,'BUENA','REGULAR');
INSERT INTO reputacion_usuario values(5,2,'MALA','MAL TRATO AL SERVICIO');
INSERT INTO reputacion_usuario values(6,3,'BUENA','REGULAR');


--CONVENIO 
INSERT INTO CONVENIO VALUES ('SANTA MARIA TS',1,'LORENZO','098715651','MAATEO','095158445','','');
INSERT INTO CONVENIO VALUES ('SANTA MATHAR',2,'LORE','098715651','MATEOO','095158445','','');
INSERT INTO CONVENIO VALUES ('CIELITO LINDO',4,'LORENA','098715651','MATEEO','095158445','','');
INSERT INTO CONVENIO VALUES ('SAN MUNDO',5,'LORES','098715651','MATHEO','095158445','','');


--TIPO_SERVICIO
INSERT INTO TIPO_SERVICIO VALUES('ESTANDAR','LOS REGULAR');
INSERT INTO TIPO_SERVICIO VALUES('SEGURO','SERVICIOS MEDICO');

--SERVICIO
insert into SERVICIO VALUES ('ESTANDAR',1,'HOTEL','Manta','SANTA MARIA TS','1','Barrio 15 de abril','HABITACION PERSONAL',1,25.52,1);
insert into SERVICIO VALUES ('SEGURO',2,'SEGURO DE MUERTE','Manta','SANTA MATHAR','2','paseo shooping','SEGURO DE FALLECIMIENTO...',1,90.00,1);
insert into SERVICIO VALUES ('ESTANDAR',3,'PISCINA','Manta','CIELITO LINDO','3','BW848','P',4,30.50,1);
insert into SERVICIO VALUES ('ESTANDAR',4,'PARQUE DE DIVERSION','Manta','SAN MUNDO','4','DW245','HABITACION PERSONAL',3,50.00,1);
insert into SERVICIO VALUES ('SEGURO',5,'SEGURO DE LESIONES','Manta','SANTA MATHAR','5','paseo shooping','SEGURO DE LESIONES .........',2,20.00,1);


--LINE SERVICIO
INSERT INTO LINE_SERVICIOS VALUES(1,'#1',1);
INSERT INTO LINE_SERVICIOS VALUES(2,'#1',2);
INSERT INTO LINE_SERVICIOS VALUES(3,'#1',3);


INSERT INTO LINE_SERVICIOS VALUES(4,'#2',3);
INSERT INTO LINE_SERVICIOS VALUES(5,'#2',4);

INSERT INTO LINE_SERVICIOS VALUES(6,'#3',4);
INSERT INTO LINE_SERVICIOS VALUES(7,'#3',1);

INSERT INTO LINE_SERVICIOS VALUES(8,'#4',2);
INSERT INTO LINE_SERVICIOS VALUES(9,'#4',5);

INSERT INTO LINE_SERVICIOS VALUES(10,'#5',3);
INSERT INTO LINE_SERVICIOS VALUES(11,'#5',4);

INSERT INTO LINE_SERVICIOS VALUES(12,'#6',4);
INSERT INTO LINE_SERVICIOS VALUES(13,'#6',1);

INSERT INTO LINE_SERVICIOS VALUES(14,'#7',2);
INSERT INTO LINE_SERVICIOS VALUES(15,'#7',5);

INSERT INTO LINE_SERVICIOS VALUES(8,4,2);
INSERT INTO LINE_SERVICIOS VALUES(9,4,5);

INSERT INTO LINE_SERVICIOS VALUES(10,5,3);
INSERT INTO LINE_SERVICIOS VALUES(11,5,4);

INSERT INTO LINE_SERVICIOS VALUES(12,6,2);
INSERT INTO LINE_SERVICIOS VALUES(14,6,4);


--PAQUETE_TURISTICO
INSERT INTO PAQUETE_TURISTICO VALUES(1,1,1,'Paquete entretenimiento',142.02,1);
INSERT INTO PAQUETE_TURISTICO VALUES(2,2,2,'Paquete Hoteleria',80.50,1);
INSERT INTO PAQUETE_TURISTICO VALUES(3,1,3,'Paquete Prision',50.50,2);
INSERT INTO PAQUETE_TURISTICO VALUES(4,3,4,'Paquete Marihuanero',142.02,1);
INSERT INTO PAQUETE_TURISTICO VALUES(5,4,5,'Paquete Feliz',80.5,1);
INSERT INTO PAQUETE_TURISTICO VALUES(6,5,6,'Paquete Paquete Volador',50.5,1);
INSERT INTO PAQUETE_TURISTICO VALUES(7,2,7,'Paquete Casanova',515.50,3);
INSERT INTO PAQUETE_TURISTICO VALUES(8,3,8,'Paquete Emperial',500.50,3);
INSERT INTO PAQUETE_TURISTICO VALUES(9,3,9,'Paquete Soldado',100.50,1);
INSERT INTO PAQUETE_TURISTICO VALUES(10,3,10,'Paquete Luna de Miel',400.50,1);

